1a-prova-23-24	https://tatletismo-almada.pt/wp-content/uploads/2023/11/TAAMPC-2023.2024-TrofeuCaparica.pdf
2a-prova-23-24	https://tatletismo-almada.pt/wp-content/uploads/2024/03/Reg-AACC-TAA2324.pdf
3a-prova-23-24	https://tatletismo-almada.pt/wp-content/uploads/2024/04/REGULAMENTO_2024-1.pdf
4a-prova-23-24	https://tatletismo-almada.pt/wp-content/uploads/2024/04/Regulamento-VoCorta-Mato-Rui-Duarte-Silva-CAAPP-2024_2.pdf
5a-prova-23-24	https://tatletismo-almada.pt/wp-content/uploads/2024/05/TAAMPC-2023.2024-Reg.-7a-Milha-Final.pdf
6a-prova-23-24	https://tatletismo-almada.pt/wp-content/uploads/2024/05/TAAMPC-2023.2024-Egas-Moniz-Regulamento-Final-.pdf
7a-prova-23-24	https://tatletismo-almada.pt/wp-content/uploads/2024/05/TAAMPC-2023.2024-CSA.Regto-.pdf
8a-prova-23-24	https://tatletismo-almada.pt/wp-content/uploads/2024/06/TAAMPC-2023.2024-MKA-Regto-Artemisia-.pdf
1a-prova-24-25	https://tatletismo-almada.pt/wp-content/uploads/2024/11/Trofeu-Caparica-Reg-2024-c-croquis.pdf
2a-prova-24-25	https://tatletismo-almada.pt/wp-content/uploads/2024/11/Regulamento-5o-GP-S.-Martinho-2024-24NOV24.pdf
3a-prova-24-25	https://tatletismo-almada.pt/wp-content/uploads/2024/12/TAAMPC-2024.2025-1oCortaMatoReis.Reg_.-Prova.pdf
4a-prova-24-25	https://tatletismo-almada.pt/wp-content/uploads/2025/02/TAAMPC-2024.2025-AACC-Regulamento-Corrida-com-Percursos.pdf
5a-prova-24-25	https://tatletismo-almada.pt/wp-content/uploads/2025/03/TAAMPC-2024.2025-CSA.Regto-com-Percursos.pdf
6a-prova-24-25	https://tatletismo-almada.pt/wp-content/uploads/2025/04/TAAMPC-2024.2025-AACC-Regulamento-Provas-Tecnicas.pdf
7a-prova-24-25	https://tatletismo-almada.pt/wp-content/uploads/2025/04/TAAMPC-2024.2025-Reg.-8a-Milha-Final.pdf
8a-prova-24-25	https://tatletismo-almada.pt/wp-content/uploads/2025/04/TAAMPC-CAAPP-Programa-Provas-RuiSilva.pdf
9a-prova-24-25	https://tatletismo-almada.pt/wp-content/uploads/2025/05/TAAMPC-2024.2025-Egas-Moniz-Regulamento-Final-1.pdf
10a-prova-24-25	https://tatletismo-almada.pt/wp-content/uploads/2025/05/TAAMPC-2024.2025-MKA-Regto-Artemisa-.pdf
1-25-26	https://tatletismo-almada.pt/wp-content/uploads/2025/10/TAAMPC-2025.2026-S.Martinho-RegulamentoFinal-com-percursos.pdf
2-25-26	https://tatletismo-almada.pt/wp-content/uploads/2025/10/TAAMPC-2025.2026-TCaparica-RegulamentoFinal-com-percursos.pdf
3-25-26	https://tatletismo-almada.pt/wp-content/uploads/2025/12/TAAMPC-2025.2026-Regulamento-Prova-SerradoFC-.pdf
4-25-26	https://tatletismo-almada.pt/wp-content/uploads/2026/02/TAAMPC-2025.2026-AACC-Regulamento-Corrida-com-percursos.pdf
6-25-26	https://tatletismo-almada.pt/wp-content/uploads/2026/03/TAAMPC-25.26-Reg.-9aMilha-MKED.pdf
7-25-26	https://tatletismo-almada.pt/wp-content/uploads/2026/03/TAAMPC-25.26-Reg.-Rui-Silva.pdf
8-25-26	https://tatletismo-almada.pt/wp-content/uploads/2026/03/TAAMPC-2025.2026-Egas-Moniz-Reg.pdf
